{
    "parent": "item/generated",
    "textures": {
        "layer0": "item/bundle"
    },
    "overrides": [
		{"predicate": {"custom_model_data": 1001},"model": "item/axolotl_bucket"},
		{"predicate": { "filled": 0.0000001,"custom_model_data": 1001}, "model": "item/axolotl_bucket_filled" },
		{"predicate": {"custom_model_data": 1002},"model": "item/bee_bucket"},
		{"predicate": { "filled": 0.0000001,"custom_model_data": 1002}, "model": "item/bee_bucket_filled" },
		{"predicate": {"custom_model_data": 1003},"model": "item/cat_bucket"},
		{"predicate": { "filled": 0.0000001,"custom_model_data": 1003}, "model": "item/cat_bucket_filled" },
		{"predicate": {"custom_model_data": 1004},"model": "item/creeper_bucket"},
		{"predicate": { "filled": 0.0000001,"custom_model_data": 1004}, "model": "item/creeper_bucket_filled" },
		{"predicate": {"custom_model_data": 1005},"model": "item/enderman_bucket"},
		{"predicate": { "filled": 0.0000001,"custom_model_data": 1005}, "model": "item/enderman_bucket_filled" },
		{"predicate": {"custom_model_data": 1006},"model": "item/fox_bucket"},
		{"predicate": { "filled": 0.0000001,"custom_model_data": 1006}, "model": "item/fox_bucket_filled" },
		{"predicate": {"custom_model_data": 1007},"model": "item/ghast_bucket"},
		{"predicate": { "filled": 0.0000001,"custom_model_data": 1007}, "model": "item/ghast_bucket_filled" },
		{"predicate": {"custom_model_data": 1008},"model": "item/guardian_bucket"},
		{"predicate": { "filled": 0.0000001,"custom_model_data": 1008}, "model": "item/guardian_bucket_filled" },
		{"predicate": {"custom_model_data": 1009},"model": "item/llama_bucket"},
		{"predicate": { "filled": 0.0000001,"custom_model_data": 1009}, "model": "item/llama_bucket_filled" },
		{"predicate": {"custom_model_data": 1010},"model": "item/pig_bucket"},
		{"predicate": { "filled": 0.0000001,"custom_model_data": 1010}, "model": "item/pig_bucket_filled" },
		{"predicate": {"custom_model_data": 1011},"model": "item/piglin_bucket"},
		{"predicate": { "filled": 0.0000001,"custom_model_data": 1011}, "model": "item/piglin_bucket_filled" },
		{"predicate": {"custom_model_data": 1012},"model": "item/skeleton_bucket"},
		{"predicate": { "filled": 0.0000001,"custom_model_data": 1012}, "model": "item/skeleton_bucket_filled" },
		{"predicate": {"custom_model_data": 1013},"model": "item/slime_bucket"},
		{"predicate": { "filled": 0.0000001,"custom_model_data": 1013}, "model": "item/slime_bucket_filled" },
		{"predicate": {"custom_model_data": 1014},"model": "item/squid_bucket"},
		{"predicate": { "filled": 0.0000001,"custom_model_data": 1014}, "model": "item/squid_bucket_filled" },
		{"predicate": {"custom_model_data": 1015},"model": "item/strider_bucket"},
		{"predicate": { "filled": 0.0000001,"custom_model_data": 1015}, "model": "item/strider_bucket_filled" },
		{"predicate": {"custom_model_data": 1016},"model": "item/warden_bucket"},
		{"predicate": { "filled": 0.0000001,"custom_model_data": 1016}, "model": "item/warden_bucket_filled" }
    ]
}
