{
  "parent": "minecraft:item/template_spawn_egg",
    "textures": {
        "texture": "minecraft:item/ghast_spawn_egg"
    },
    "overrides": [
	  {"predicate": {"custom_model_data":26}, "model": "item/iron_survey_spike"},
	  {"predicate": {"custom_model_data":29}, "model": "item/copper_survey_spike"},
      {"predicate": {"custom_model_data":101}, "model": "item/gold_ball"},
	  {"predicate": {"custom_model_data":102}, "model": "item/red_ball"},
	  {"predicate": {"custom_model_data":103}, "model": "item/green_ball"},
	  {"predicate": {"custom_model_data":104}, "model": "item/blue_ball"},
	  {"predicate": {"custom_model_data":105}, "model": "item/purple_ball"},
	  {"predicate": {"custom_model_data":106}, "model": "item/cyan_ball"},
	  {"predicate": {"custom_model_data":107}, "model": "item/orange_ball"},
	  {"predicate": {"custom_model_data":108}, "model": "item/silver_ball"}
    ]
}