{
  "parent": "minecraft:item/template_spawn_egg",
    "textures": {
        "texture": "minecraft:item/ghast_spawn_egg"
    },
    "overrides": [
	  {"predicate": {"custom_model_data":26}, "model": "item/iron_survey_spike"},
	  {"predicate": {"custom_model_data":29}, "model": "item/copper_survey_spike"},
      {"predicate": {"custom_model_data":101}, "model": "item/gold_ball"},
	  {"predicate": {"custom_model_data":102}, "model": "item/red_ball"},
	  {"predicate": {"custom_model_data":103}, "model": "item/green_ball"},
	  {"predicate": {"custom_model_data":104}, "model": "item/blue_ball"},
	  {"predicate": {"custom_model_data":105}, "model": "item/purple_ball"},
	  {"predicate": {"custom_model_data":106}, "model": "item/cyan_ball"},
	  {"predicate": {"custom_model_data":107}, "model": "item/orange_ball"},
	  {"predicate": {"custom_model_data":108}, "model": "item/silver_ball"},
	  {"predicate": {"custom_model_data":2001}, "model": "item/usa_fountain"},
	  {"predicate": {"custom_model_data":2002}, "model": "item/white_fountain"},
	  {"predicate": {"custom_model_data":2003}, "model": "item/orange_fountain"},
	  {"predicate": {"custom_model_data":2004}, "model": "item/magenta_fountain"},
	  {"predicate": {"custom_model_data":2005}, "model": "item/light_blue_fountain"},
	  {"predicate": {"custom_model_data":2006}, "model": "item/yellow_fountain"},
	  {"predicate": {"custom_model_data":2007}, "model": "item/lime_fountain"},
	  {"predicate": {"custom_model_data":2008}, "model": "item/pink_fountain"},
	  {"predicate": {"custom_model_data":2009}, "model": "item/gray_fountain"},
	  {"predicate": {"custom_model_data":2010}, "model": "item/light_gray_fountain"},
	  {"predicate": {"custom_model_data":2011}, "model": "item/cyan_fountain"},
	  {"predicate": {"custom_model_data":2012}, "model": "item/purple_fountain"},
	  {"predicate": {"custom_model_data":2013}, "model": "item/blue_fountain"},
	  {"predicate": {"custom_model_data":2014}, "model": "item/brown_fountain"},
	  {"predicate": {"custom_model_data":2015}, "model": "item/green_fountain"},
	  {"predicate": {"custom_model_data":2016}, "model": "item/red_fountain"},
	  {"predicate": {"custom_model_data":2017}, "model": "item/black_fountain"}
    ]
}