{
    "parent": "item/generated",
    "textures": {
        "layer0": "item/paper"
    },
    "overrides": [
      {"predicate": {"custom_model_data":1}, "model": "item/1cc"},
	  {"predicate": {"custom_model_data":2}, "model": "item/5cc"},
	  {"predicate": {"custom_model_data":3}, "model": "item/10cc"},
	  {"predicate": {"custom_model_data":4}, "model": "item/20cc"},
	  {"predicate": {"custom_model_data":5}, "model": "item/50cc"},
	  {"predicate": {"custom_model_data":6}, "model": "item/100cc"},
	  {"predicate": {"custom_model_data":7}, "model": "item/500cc"},
	  {"predicate": {"custom_model_data":8}, "model": "item/1000cc"},
	  {"predicate": {"custom_model_data":99}, "model": "item/toilet_paper"}
    ]
}